Workbook

Sheet Home
A1: Classic Mini Gearbox Visualiser (Lambretta-style speed-centre layout)
M2: Auto speed scale
A3: LEFT setup | G3: RIGHT setup | M3: Left top gear ratio | N3: =IF($B$25>0,$B$25,$B$24)
A4: Wheel/tyre preset | C4: 165/70-10 | G4: Wheel/tyre preset | I4: 165/70-10 | M4: Right top gear ratio | N4: =IF($H$25>0,$H$25,$H$24)
A5: Tyre width (mm) | C5: =INDEX(Lookups!$G$3:$G$7, MATCH($C$4, Lookups!$F$3:$F$7, 0)) | G5: Tyre width (mm) | I5: =INDEX(Lookups!$G$3:$G$7, MATCH($I$4, Lookups!$F$3:$F$7, 0)) | M5: Speed step (km/h) | N5: 5
A6: Aspect ratio | C6: =INDEX(Lookups!$H$3:$H$7, MATCH($C$4, Lookups!$F$3:$F$7, 0)) | G6: Aspect ratio | I6: =INDEX(Lookups!$H$3:$H$7, MATCH($I$4, Lookups!$F$3:$F$7, 0)) | M6: Max speed @ limiter (km/h) | N6: =ROUNDUP(MAX(($C$14*$C$15*60)/($C$16*$N$3*1000),($I$14*$I$15*60)/($I$16*$N$4*1000))/$N$5,0)*$N$5
A7: Rim diameter (in) | C7: =INDEX(Lookups!$I$3:$I$7, MATCH($C$4, Lookups!$F$3:$F$7, 0)) | G7: Rim diameter (in) | I7: =INDEX(Lookups!$I$3:$I$7, MATCH($I$4, Lookups!$F$3:$F$7, 0))
A8: Final drive (CWP) | C8: 3.1 | G8: Final drive (CWP) | I8: 3.1
A9: Drop gear option | C9: 1:1 (23/23) | G9: Drop gear option | I9: 1:1 (23/23)
A10: Drop gear ratio | C10: =INDEX(Lookups!$B$3:$B$6, MATCH($C$9, Lookups!$A$3:$A$6, 0)) | G10: Drop gear ratio | I10: =INDEX(Lookups!$B$3:$B$6, MATCH($I$9, Lookups!$A$3:$A$6, 0))
A11: Gear kit selection | C11: Standard 4-synchro | G11: Gear kit selection | I11: Standard 4-synchro
A12: Power comes in (RPM) | C12: 2800 | G12: Power comes in (RPM) | I12: 2800
A13: Peak power (RPM) | C13: 5400 | G13: Peak power (RPM) | I13: 5400
A14: Max RPM / limiter | C14: 6500 | G14: Max RPM / limiter | I14: 6500
A15: Tyre circumference (m) | C15: =PI()*((C7*25.4 + 2*(C5*C6))/1000) | G15: Tyre circumference (m) | I15: =PI()*((I7*25.4 + 2*(I5*I6))/1000)
A16: Effective final drive | C16: =C8*C10 | G16: Effective final drive | I16: =I8*I10
A19: Gear ratios | G19: Gear ratios
A20: Gear | B20: Ratio | G20: Gear | H20: Ratio
A21: 1st | B21: =IFERROR(INDEX(Lookups!$L$3:$O$7, MATCH("1st", Lookups!$K$3:$K$7, 0), MATCH($C$11, Lookups!$L$2:$O$2, 0)), "") | G21: 1st | H21: =IFERROR(INDEX(Lookups!$L$3:$O$7, MATCH("1st", Lookups!$K$3:$K$7, 0), MATCH($I$11, Lookups!$L$2:$O$2, 0)), "")
A22: 2nd | B22: =IFERROR(INDEX(Lookups!$L$3:$O$7, MATCH("2nd", Lookups!$K$3:$K$7, 0), MATCH($C$11, Lookups!$L$2:$O$2, 0)), "") | G22: 2nd | H22: =IFERROR(INDEX(Lookups!$L$3:$O$7, MATCH("2nd", Lookups!$K$3:$K$7, 0), MATCH($I$11, Lookups!$L$2:$O$2, 0)), "")
A23: 3rd | B23: =IFERROR(INDEX(Lookups!$L$3:$O$7, MATCH("3rd", Lookups!$K$3:$K$7, 0), MATCH($C$11, Lookups!$L$2:$O$2, 0)), "") | G23: 3rd | H23: =IFERROR(INDEX(Lookups!$L$3:$O$7, MATCH("3rd", Lookups!$K$3:$K$7, 0), MATCH($I$11, Lookups!$L$2:$O$2, 0)), "")
A24: 4th | B24: =IFERROR(INDEX(Lookups!$L$3:$O$7, MATCH("4th", Lookups!$K$3:$K$7, 0), MATCH($C$11, Lookups!$L$2:$O$2, 0)), "") | G24: 4th | H24: =IFERROR(INDEX(Lookups!$L$3:$O$7, MATCH("4th", Lookups!$K$3:$K$7, 0), MATCH($I$11, Lookups!$L$2:$O$2, 0)), "")
A25: 5th | B25: =IFERROR(INDEX(Lookups!$L$3:$O$7, MATCH("5th", Lookups!$K$3:$K$7, 0), MATCH($C$11, Lookups!$L$2:$O$2, 0)), "") | G25: 5th | H25: =IFERROR(INDEX(Lookups!$L$3:$O$7, MATCH("5th", Lookups!$K$3:$K$7, 0), MATCH($I$11, Lookups!$L$2:$O$2, 0)), "")
A26: LEFT RPM by gear | F26: Speed (km/h) | G26: RIGHT RPM by gear
A27: 1st RPM | B27: 2nd RPM | C27: 3rd RPM | D27: 4th RPM | E27: 5th RPM | F27: km/h | G27: 1st RPM | H27: 2nd RPM | I27: 3rd RPM | J27: 4th RPM | K27: 5th RPM
A28: =IFERROR(IF($B$21="","",IF((F28*1000*$B$21*$C$16)/($C$15*60)>$C$14,"",(F28*1000*$B$21*$C$16)/($C$15*60))),"") | B28: =IFERROR(IF($B$22="","",IF((F28*1000*$B$22*$C$16)/($C$15*60)>$C$14,"",(F28*1000*$B$22*$C$16)/($C$15*60))),"") | C28: =IFERROR(IF($B$23="","",IF((F28*1000*$B$23*$C$16)/($C$15*60)>$C$14,"",(F28*1000*$B$23*$C$16)/($C$15*60))),"") | D28: =IFERROR(IF($B$24="","",IF((F28*1000*$B$24*$C$16)/($C$15*60)>$C$14,"",(F28*1000*$B$24*$C$16)/($C$15*60))),"") | E28: =IFERROR(IF($B$25="","",IF((F28*1000*$B$25*$C$16)/($C$15*60)>$C$14,"",(F28*1000*$B$25*$C$16)/($C$15*60))),"") | F28: =IF($N$6-(ROW()-28)*$N$5>=0,$N$6-(ROW()-28)*$N$5,"") | G28: =IFERROR(IF($H$21="","",IF((F28*1000*$H$21*$I$16)/($I$15*60)>$I$14,"",(F28*1000*$H$21*$I$16)/($I$15*60))),"") | H28: =IFERROR(IF($H$22="","",IF((F28*1000*$H$22*$I$16)/($I$15*60)>$I$14,"",(F28*1000*$H$22*$I$16)/($I$15*60))),"") | I28: =IFERROR(IF($H$23="","",IF((F28*1000*$H$23*$I$16)/($I$15*60)>$I$14,"",(F28*1000*$H$23*$I$16)/($I$15*60))),"") | J28: =IFERROR(IF($H$24="","",IF((F28*1000*$H$24*$I$16)/($I$15*60)>$I$14,"",(F28*1000*$H$24*$I$16)/($I$15*60))),"") | K28: =IFERROR(IF($H$25="","",IF((F28*1000*$H$25*$I$16)/($I$15*60)>$I$14,"",(F28*1000*$H$25*$I$16)/($I$15*60))),"")
A29: =IFERROR(IF($B$21="","",IF((F29*1000*$B$21*$C$16)/($C$15*60)>$C$14,"",(F29*1000*$B$21*$C$16)/($C$15*60))),"") | B29: =IFERROR(IF($B$22="","",IF((F29*1000*$B$22*$C$16)/($C$15*60)>$C$14,"",(F29*1000*$B$22*$C$16)/($C$15*60))),"") | C29: =IFERROR(IF($B$23="","",IF((F29*1000*$B$23*$C$16)/($C$15*60)>$C$14,"",(F29*1000*$B$23*$C$16)/($C$15*60))),"") | D29: =IFERROR(IF($B$24="","",IF((F29*1000*$B$24*$C$16)/($C$15*60)>$C$14,"",(F29*1000*$B$24*$C$16)/($C$15*60))),"") | E29: =IFERROR(IF($B$25="","",IF((F29*1000*$B$25*$C$16)/($C$15*60)>$C$14,"",(F29*1000*$B$25*$C$16)/($C$15*60))),"") | F29: =IF($N$6-(ROW()-28)*$N$5>=0,$N$6-(ROW()-28)*$N$5,"") | G29: =IFERROR(IF($H$21="","",IF((F29*1000*$H$21*$I$16)/($I$15*60)>$I$14,"",(F29*1000*$H$21*$I$16)/($I$15*60))),"") | H29: =IFERROR(IF($H$22="","",IF((F29*1000*$H$22*$I$16)/($I$15*60)>$I$14,"",(F29*1000*$H$22*$I$16)/($I$15*60))),"") | I29: =IFERROR(IF($H$23="","",IF((F29*1000*$H$23*$I$16)/($I$15*60)>$I$14,"",(F29*1000*$H$23*$I$16)/($I$15*60))),"") | J29: =IFERROR(IF($H$24="","",IF((F29*1000*$H$24*$I$16)/($I$15*60)>$I$14,"",(F29*1000*$H$24*$I$16)/($I$15*60))),"") | K29: =IFERROR(IF($H$25="","",IF((F29*1000*$H$25*$I$16)/($I$15*60)>$I$14,"",(F29*1000*$H$25*$I$16)/($I$15*60))),"")
A30: =IFERROR(IF($B$21="","",IF((F30*1000*$B$21*$C$16)/($C$15*60)>$C$14,"",(F30*1000*$B$21*$C$16)/($C$15*60))),"") | B30: =IFERROR(IF($B$22="","",IF((F30*1000*$B$22*$C$16)/($C$15*60)>$C$14,"",(F30*1000*$B$22*$C$16)/($C$15*60))),"") | C30: =IFERROR(IF($B$23="","",IF((F30*1000*$B$23*$C$16)/($C$15*60)>$C$14,"",(F30*1000*$B$23*$C$16)/($C$15*60))),"") | D30: =IFERROR(IF($B$24="","",IF((F30*1000*$B$24*$C$16)/($C$15*60)>$C$14,"",(F30*1000*$B$24*$C$16)/($C$15*60))),"") | E30: =IFERROR(IF($B$25="","",IF((F30*1000*$B$25*$C$16)/($C$15*60)>$C$14,"",(F30*1000*$B$25*$C$16)/($C$15*60))),"") | F30: =IF($N$6-(ROW()-28)*$N$5>=0,$N$6-(ROW()-28)*$N$5,"") | G30: =IFERROR(IF($H$21="","",IF((F30*1000*$H$21*$I$16)/($I$15*60)>$I$14,"",(F30*1000*$H$21*$I$16)/($I$15*60))),"") | H30: =IFERROR(IF($H$22="","",IF((F30*1000*$H$22*$I$16)/($I$15*60)>$I$14,"",(F30*1000*$H$22*$I$16)/($I$15*60))),"") | I30: =IFERROR(IF($H$23="","",IF((F30*1000*$H$23*$I$16)/($I$15*60)>$I$14,"",(F30*1000*$H$23*$I$16)/($I$15*60))),"") | J30: =IFERROR(IF($H$24="","",IF((F30*1000*$H$24*$I$16)/($I$15*60)>$I$14,"",(F30*1000*$H$24*$I$16)/($I$15*60))),"") | K30: =IFERROR(IF($H$25="","",IF((F30*1000*$H$25*$I$16)/($I$15*60)>$I$14,"",(F30*1000*$H$25*$I$16)/($I$15*60))),"")
A31: =IFERROR(IF($B$21="","",IF((F31*1000*$B$21*$C$16)/($C$15*60)>$C$14,"",(F31*1000*$B$21*$C$16)/($C$15*60))),"") | B31: =IFERROR(IF($B$22="","",IF((F31*1000*$B$22*$C$16)/($C$15*60)>$C$14,"",(F31*1000*$B$22*$C$16)/($C$15*60))),"") | C31: =IFERROR(IF($B$23="","",IF((F31*1000*$B$23*$C$16)/($C$15*60)>$C$14,"",(F31*1000*$B$23*$C$16)/($C$15*60))),"") | D31: =IFERROR(IF($B$24="","",IF((F31*1000*$B$24*$C$16)/($C$15*60)>$C$14,"",(F31*1000*$B$24*$C$16)/($C$15*60))),"") | E31: =IFERROR(IF($B$25="","",IF((F31*1000*$B$25*$C$16)/($C$15*60)>$C$14,"",(F31*1000*$B$25*$C$16)/($C$15*60))),"") | F31: =IF($N$6-(ROW()-28)*$N$5>=0,$N$6-(ROW()-28)*$N$5,"") | G31: =IFERROR(IF($H$21="","",IF((F31*1000*$H$21*$I$16)/($I$15*60)>$I$14,"",(F31*1000*$H$21*$I$16)/($I$15*60))),"") | H31: =IFERROR(IF($H$22="","",IF((F31*1000*$H$22*$I$16)/($I$15*60)>$I$14,"",(F31*1000*$H$22*$I$16)/($I$15*60))),"") | I31: =IFERROR(IF($H$23="","",IF((F31*1000*$H$23*$I$16)/($I$15*60)>$I$14,"",(F31*1000*$H$23*$I$16)/($I$15*60))),"") | J31: =IFERROR(IF($H$24="","",IF((F31*1000*$H$24*$I$16)/($I$15*60)>$I$14,"",(F31*1000*$H$24*$I$16)/($I$15*60))),"") | K31: =IFERROR(IF($H$25="","",IF((F31*1000*$H$25*$I$16)/($I$15*60)>$I$14,"",(F31*1000*$H$25*$I$16)/($I$15*60))),"")
A32: =IFERROR(IF($B$21="","",IF((F32*1000*$B$21*$C$16)/($C$15*60)>$C$14,"",(F32*1000*$B$21*$C$16)/($C$15*60))),"") | B32: =IFERROR(IF($B$22="","",IF((F32*1000*$B$22*$C$16)/($C$15*60)>$C$14,"",(F32*1000*$B$22*$C$16)/($C$15*60))),"") | C32: =IFERROR(IF($B$23="","",IF((F32*1000*$B$23*$C$16)/($C$15*60)>$C$14,"",(F32*1000*$B$23*$C$16)/($C$15*60))),"") | D32: =IFERROR(IF($B$24="","",IF((F32*1000*$B$24*$C$16)/($C$15*60)>$C$14,"",(F32*1000*$B$24*$C$16)/($C$15*60))),"") | E32: =IFERROR(IF($B$25="","",IF((F32*1000*$B$25*$C$16)/($C$15*60)>$C$14,"",(F32*1000*$B$25*$C$16)/($C$15*60))),"") | F32: =IF($N$6-(ROW()-28)*$N$5>=0,$N$6-(ROW()-28)*$N$5,"") | G32: =IFERROR(IF($H$21="","",IF((F32*1000*$H$21*$I$16)/($I$15*60)>$I$14,"",(F32*1000*$H$21*$I$16)/($I$15*60))),"") | H32: =IFERROR(IF($H$22="","",IF((F32*1000*$H$22*$I$16)/($I$15*60)>$I$14,"",(F32*1000*$H$22*$I$16)/($I$15*60))),"") | I32: =IFERROR(IF($H$23="","",IF((F32*1000*$H$23*$I$16)/($I$15*60)>$I$14,"",(F32*1000*$H$23*$I$16)/($I$15*60))),"") | J32: =IFERROR(IF($H$24="","",IF((F32*1000*$H$24*$I$16)/($I$15*60)>$I$14,"",(F32*1000*$H$24*$I$16)/($I$15*60))),"") | K32: =IFERROR(IF($H$25="","",IF((F32*1000*$H$25*$I$16)/($I$15*60)>$I$14,"",(F32*1000*$H$25*$I$16)/($I$15*60))),"")
A33: =IFERROR(IF($B$21="","",IF((F33*1000*$B$21*$C$16)/($C$15*60)>$C$14,"",(F33*1000*$B$21*$C$16)/($C$15*60))),"") | B33: =IFERROR(IF($B$22="","",IF((F33*1000*$B$22*$C$16)/($C$15*60)>$C$14,"",(F33*1000*$B$22*$C$16)/($C$15*60))),"") | C33: =IFERROR(IF($B$23="","",IF((F33*1000*$B$23*$C$16)/($C$15*60)>$C$14,"",(F33*1000*$B$23*$C$16)/($C$15*60))),"") | D33: =IFERROR(IF($B$24="","",IF((F33*1000*$B$24*$C$16)/($C$15*60)>$C$14,"",(F33*1000*$B$24*$C$16)/($C$15*60))),"") | E33: =IFERROR(IF($B$25="","",IF((F33*1000*$B$25*$C$16)/($C$15*60)>$C$14,"",(F33*1000*$B$25*$C$16)/($C$15*60))),"") | F33: =IF($N$6-(ROW()-28)*$N$5>=0,$N$6-(ROW()-28)*$N$5,"") | G33: =IFERROR(IF($H$21="","",IF((F33*1000*$H$21*$I$16)/($I$15*60)>$I$14,"",(F33*1000*$H$21*$I$16)/($I$15*60))),"") | H33: =IFERROR(IF($H$22="","",IF((F33*1000*$H$22*$I$16)/($I$15*60)>$I$14,"",(F33*1000*$H$22*$I$16)/($I$15*60))),"") | I33: =IFERROR(IF($H$23="","",IF((F33*1000*$H$23*$I$16)/($I$15*60)>$I$14,"",(F33*1000*$H$23*$I$16)/($I$15*60))),"") | J33: =IFERROR(IF($H$24="","",IF((F33*1000*$H$24*$I$16)/($I$15*60)>$I$14,"",(F33*1000*$H$24*$I$16)/($I$15*60))),"") | K33: =IFERROR(IF($H$25="","",IF((F33*1000*$H$25*$I$16)/($I$15*60)>$I$14,"",(F33*1000*$H$25*$I$16)/($I$15*60))),"")
A34: =IFERROR(IF($B$21="","",IF((F34*1000*$B$21*$C$16)/($C$15*60)>$C$14,"",(F34*1000*$B$21*$C$16)/($C$15*60))),"") | B34: =IFERROR(IF($B$22="","",IF((F34*1000*$B$22*$C$16)/($C$15*60)>$C$14,"",(F34*1000*$B$22*$C$16)/($C$15*60))),"") | C34: =IFERROR(IF($B$23="","",IF((F34*1000*$B$23*$C$16)/($C$15*60)>$C$14,"",(F34*1000*$B$23*$C$16)/($C$15*60))),"") | D34: =IFERROR(IF($B$24="","",IF((F34*1000*$B$24*$C$16)/($C$15*60)>$C$14,"",(F34*1000*$B$24*$C$16)/($C$15*60))),"") | E34: =IFERROR(IF($B$25="","",IF((F34*1000*$B$25*$C$16)/($C$15*60)>$C$14,"",(F34*1000*$B$25*$C$16)/($C$15*60))),"") | F34: =IF($N$6-(ROW()-28)*$N$5>=0,$N$6-(ROW()-28)*$N$5,"") | G34: =IFERROR(IF($H$21="","",IF((F34*1000*$H$21*$I$16)/($I$15*60)>$I$14,"",(F34*1000*$H$21*$I$16)/($I$15*60))),"") | H34: =IFERROR(IF($H$22="","",IF((F34*1000*$H$22*$I$16)/($I$15*60)>$I$14,"",(F34*1000*$H$22*$I$16)/($I$15*60))),"") | I34: =IFERROR(IF($H$23="","",IF((F34*1000*$H$23*$I$16)/($I$15*60)>$I$14,"",(F34*1000*$H$23*$I$16)/($I$15*60))),"") | J34: =IFERROR(IF($H$24="","",IF((F34*1000*$H$24*$I$16)/($I$15*60)>$I$14,"",(F34*1000*$H$24*$I$16)/($I$15*60))),"") | K34: =IFERROR(IF($H$25="","",IF((F34*1000*$H$25*$I$16)/($I$15*60)>$I$14,"",(F34*1000*$H$25*$I$16)/($I$15*60))),"")
A35: =IFERROR(IF($B$21="","",IF((F35*1000*$B$21*$C$16)/($C$15*60)>$C$14,"",(F35*1000*$B$21*$C$16)/($C$15*60))),"") | B35: =IFERROR(IF($B$22="","",IF((F35*1000*$B$22*$C$16)/($C$15*60)>$C$14,"",(F35*1000*$B$22*$C$16)/($C$15*60))),"") | C35: =IFERROR(IF($B$23="","",IF((F35*1000*$B$23*$C$16)/($C$15*60)>$C$14,"",(F35*1000*$B$23*$C$16)/($C$15*60))),"") | D35: =IFERROR(IF($B$24="","",IF((F35*1000*$B$24*$C$16)/($C$15*60)>$C$14,"",(F35*1000*$B$24*$C$16)/($C$15*60))),"") | E35: =IFERROR(IF($B$25="","",IF((F35*1000*$B$25*$C$16)/($C$15*60)>$C$14,"",(F35*1000*$B$25*$C$16)/($C$15*60))),"") | F35: =IF($N$6-(ROW()-28)*$N$5>=0,$N$6-(ROW()-28)*$N$5,"") | G35: =IFERROR(IF($H$21="","",IF((F35*1000*$H$21*$I$16)/($I$15*60)>$I$14,"",(F35*1000*$H$21*$I$16)/($I$15*60))),"") | H35: =IFERROR(IF($H$22="","",IF((F35*1000*$H$22*$I$16)/($I$15*60)>$I$14,"",(F35*1000*$H$22*$I$16)/($I$15*60))),"") | I35: =IFERROR(IF($H$23="","",IF((F35*1000*$H$23*$I$16)/($I$15*60)>$I$14,"",(F35*1000*$H$23*$I$16)/($I$15*60))),"") | J35: =IFERROR(IF($H$24="","",IF((F35*1000*$H$24*$I$16)/($I$15*60)>$I$14,"",(F35*1000*$H$24*$I$16)/($I$15*60))),"") | K35: =IFERROR(IF($H$25="","",IF((F35*1000*$H$25*$I$16)/($I$15*60)>$I$14,"",(F35*1000*$H$25*$I$16)/($I$15*60))),"")
A36: =IFERROR(IF($B$21="","",IF((F36*1000*$B$21*$C$16)/($C$15*60)>$C$14,"",(F36*1000*$B$21*$C$16)/($C$15*60))),"") | B36: =IFERROR(IF($B$22="","",IF((F36*1000*$B$22*$C$16)/($C$15*60)>$C$14,"",(F36*1000*$B$22*$C$16)/($C$15*60))),"") | C36: =IFERROR(IF($B$23="","",IF((F36*1000*$B$23*$C$16)/($C$15*60)>$C$14,"",(F36*1000*$B$23*$C$16)/($C$15*60))),"") | D36: =IFERROR(IF($B$24="","",IF((F36*1000*$B$24*$C$16)/($C$15*60)>$C$14,"",(F36*1000*$B$24*$C$16)/($C$15*60))),"") | E36: =IFERROR(IF($B$25="","",IF((F36*1000*$B$25*$C$16)/($C$15*60)>$C$14,"",(F36*1000*$B$25*$C$16)/($C$15*60))),"") | F36: =IF($N$6-(ROW()-28)*$N$5>=0,$N$6-(ROW()-28)*$N$5,"") | G36: =IFERROR(IF($H$21="","",IF((F36*1000*$H$21*$I$16)/($I$15*60)>$I$14,"",(F36*1000*$H$21*$I$16)/($I$15*60))),"") | H36: =IFERROR(IF($H$22="","",IF((F36*1000*$H$22*$I$16)/($I$15*60)>$I$14,"",(F36*1000*$H$22*$I$16)/($I$15*60))),"") | I36: =IFERROR(IF($H$23="","",IF((F36*1000*$H$23*$I$16)/($I$15*60)>$I$14,"",(F36*1000*$H$23*$I$16)/($I$15*60))),"") | J36: =IFERROR(IF($H$24="","",IF((F36*1000*$H$24*$I$16)/($I$15*60)>$I$14,"",(F36*1000*$H$24*$I$16)/($I$15*60))),"") | K36: =IFERROR(IF($H$25="","",IF((F36*1000*$H$25*$I$16)/($I$15*60)>$I$14,"",(F36*1000*$H$25*$I$16)/($I$15*60))),"")
A37: =IFERROR(IF($B$21="","",IF((F37*1000*$B$21*$C$16)/($C$15*60)>$C$14,"",(F37*1000*$B$21*$C$16)/($C$15*60))),"") | B37: =IFERROR(IF($B$22="","",IF((F37*1000*$B$22*$C$16)/($C$15*60)>$C$14,"",(F37*1000*$B$22*$C$16)/($C$15*60))),"") | C37: =IFERROR(IF($B$23="","",IF((F37*1000*$B$23*$C$16)/($C$15*60)>$C$14,"",(F37*1000*$B$23*$C$16)/($C$15*60))),"") | D37: =IFERROR(IF($B$24="","",IF((F37*1000*$B$24*$C$16)/($C$15*60)>$C$14,"",(F37*1000*$B$24*$C$16)/($C$15*60))),"") | E37: =IFERROR(IF($B$25="","",IF((F37*1000*$B$25*$C$16)/($C$15*60)>$C$14,"",(F37*1000*$B$25*$C$16)/($C$15*60))),"") | F37: =IF($N$6-(ROW()-28)*$N$5>=0,$N$6-(ROW()-28)*$N$5,"") | G37: =IFERROR(IF($H$21="","",IF((F37*1000*$H$21*$I$16)/($I$15*60)>$I$14,"",(F37*1000*$H$21*$I$16)/($I$15*60))),"") | H37: =IFERROR(IF($H$22="","",IF((F37*1000*$H$22*$I$16)/($I$15*60)>$I$14,"",(F37*1000*$H$22*$I$16)/($I$15*60))),"") | I37: =IFERROR(IF($H$23="","",IF((F37*1000*$H$23*$I$16)/($I$15*60)>$I$14,"",(F37*1000*$H$23*$I$16)/($I$15*60))),"") | J37: =IFERROR(IF($H$24="","",IF((F37*1000*$H$24*$I$16)/($I$15*60)>$I$14,"",(F37*1000*$H$24*$I$16)/($I$15*60))),"") | K37: =IFERROR(IF($H$25="","",IF((F37*1000*$H$25*$I$16)/($I$15*60)>$I$14,"",(F37*1000*$H$25*$I$16)/($I$15*60))),"")
A38: =IFERROR(IF($B$21="","",IF((F38*1000*$B$21*$C$16)/($C$15*60)>$C$14,"",(F38*1000*$B$21*$C$16)/($C$15*60))),"") | B38: =IFERROR(IF($B$22="","",IF((F38*1000*$B$22*$C$16)/($C$15*60)>$C$14,"",(F38*1000*$B$22*$C$16)/($C$15*60))),"") | C38: =IFERROR(IF($B$23="","",IF((F38*1000*$B$23*$C$16)/($C$15*60)>$C$14,"",(F38*1000*$B$23*$C$16)/($C$15*60))),"") | D38: =IFERROR(IF($B$24="","",IF((F38*1000*$B$24*$C$16)/($C$15*60)>$C$14,"",(F38*1000*$B$24*$C$16)/($C$15*60))),"") | E38: =IFERROR(IF($B$25="","",IF((F38*1000*$B$25*$C$16)/($C$15*60)>$C$14,"",(F38*1000*$B$25*$C$16)/($C$15*60))),"") | F38: =IF($N$6-(ROW()-28)*$N$5>=0,$N$6-(ROW()-28)*$N$5,"") | G38: =IFERROR(IF($H$21="","",IF((F38*1000*$H$21*$I$16)/($I$15*60)>$I$14,"",(F38*1000*$H$21*$I$16)/($I$15*60))),"") | H38: =IFERROR(IF($H$22="","",IF((F38*1000*$H$22*$I$16)/($I$15*60)>$I$14,"",(F38*1000*$H$22*$I$16)/($I$15*60))),"") | I38: =IFERROR(IF($H$23="","",IF((F38*1000*$H$23*$I$16)/($I$15*60)>$I$14,"",(F38*1000*$H$23*$I$16)/($I$15*60))),"") | J38: =IFERROR(IF($H$24="","",IF((F38*1000*$H$24*$I$16)/($I$15*60)>$I$14,"",(F38*1000*$H$24*$I$16)/($I$15*60))),"") | K38: =IFERROR(IF($H$25="","",IF((F38*1000*$H$25*$I$16)/($I$15*60)>$I$14,"",(F38*1000*$H$25*$I$16)/($I$15*60))),"")
A39: =IFERROR(IF($B$21="","",IF((F39*1000*$B$21*$C$16)/($C$15*60)>$C$14,"",(F39*1000*$B$21*$C$16)/($C$15*60))),"") | B39: =IFERROR(IF($B$22="","",IF((F39*1000*$B$22*$C$16)/($C$15*60)>$C$14,"",(F39*1000*$B$22*$C$16)/($C$15*60))),"") | C39: =IFERROR(IF($B$23="","",IF((F39*1000*$B$23*$C$16)/($C$15*60)>$C$14,"",(F39*1000*$B$23*$C$16)/($C$15*60))),"") | D39: =IFERROR(IF($B$24="","",IF((F39*1000*$B$24*$C$16)/($C$15*60)>$C$14,"",(F39*1000*$B$24*$C$16)/($C$15*60))),"") | E39: =IFERROR(IF($B$25="","",IF((F39*1000*$B$25*$C$16)/($C$15*60)>$C$14,"",(F39*1000*$B$25*$C$16)/($C$15*60))),"") | F39: =IF($N$6-(ROW()-28)*$N$5>=0,$N$6-(ROW()-28)*$N$5,"") | G39: =IFERROR(IF($H$21="","",IF((F39*1000*$H$21*$I$16)/($I$15*60)>$I$14,"",(F39*1000*$H$21*$I$16)/($I$15*60))),"") | H39: =IFERROR(IF($H$22="","",IF((F39*1000*$H$22*$I$16)/($I$15*60)>$I$14,"",(F39*1000*$H$22*$I$16)/($I$15*60))),"") | I39: =IFERROR(IF($H$23="","",IF((F39*1000*$H$23*$I$16)/($I$15*60)>$I$14,"",(F39*1000*$H$23*$I$16)/($I$15*60))),"") | J39: =IFERROR(IF($H$24="","",IF((F39*1000*$H$24*$I$16)/($I$15*60)>$I$14,"",(F39*1000*$H$24*$I$16)/($I$15*60))),"") | K39: =IFERROR(IF($H$25="","",IF((F39*1000*$H$25*$I$16)/($I$15*60)>$I$14,"",(F39*1000*$H$25*$I$16)/($I$15*60))),"")
... A118: =IFERROR(IF($B$21="","",IF((F118*1000*$B$21*$C$16)/($C$15*60)>$C$14,"",(F118*1000*$B$21*$C$16)/($C$15*60))),"") | B118: =IFERROR(IF($B$22="","",IF((F118*1000*$B$22*$C$16)/($C$15*60)>$C$14,"",(F118*1000*$B$22*$C$16)/($C$15*60))),"") | C118: =IFERROR(IF($B$23="","",IF((F118*1000*$B$23*$C$16)/($C$15*60)>$C$14,"",(F118*1000*$B$23*$C$16)/($C$15*60))),"") | D118: =IFERROR(IF($B$24="","",IF((F118*1000*$B$24*$C$16)/($C$15*60)>$C$14,"",(F118*1000*$B$24*$C$16)/($C$15*60))),"") | E118: =IFERROR(IF($B$25="","",IF((F118*1000*$B$25*$C$16)/($C$15*60)>$C$14,"",(F118*1000*$B$25*$C$16)/($C$15*60))),"") | F118: =IF($N$6-(ROW()-28)*$N$5>=0,$N$6-(ROW()-28)*$N$5,"") | G118: =IFERROR(IF($H$21="","",IF((F118*1000*$H$21*$I$16)/($I$15*60)>$I$14,"",(F118*1000*$H$21*$I$16)/($I$15*60))),"") | H118: =IFERROR(IF($H$22="","",IF((F118*1000*$H$22*$I$16)/($I$15*60)>$I$14,"",(F118*1000*$H$22*$I$16)/($I$15*60))),"") | I118: =IFERROR(IF($H$23="","",IF((F118*1000*$H$23*$I$16)/($I$15*60)>$I$14,"",(F118*1000*$H$23*$I$16)/($I$15*60))),"") | J118: =IFERROR(IF($H$24="","",IF((F118*1000*$H$24*$I$16)/($I$15*60)>$I$14,"",(F118*1000*$H$24*$I$16)/($I$15*60))),"") | K118: =IFERROR(IF($H$25="","",IF((F118*1000*$H$25*$I$16)/($I$15*60)>$I$14,"",(F118*1000*$H$25*$I$16)/($I$15*60))),"")

Sheet Lookups
A1: Drop gear options | D1: Final drives (common) | F1: Wheel/tyre presets | K1: Gear kit ratios
A2: Option | B2: Ratio | D2: Ratio | F2: Preset | G2: Width_mm | H2: Aspect | I2: Rim_in | K2: Gear | L2: Standard 4-synchro | M2: Close ratio (SC) | N2: Close ratio (Road) | O2: 5-speed (Type-9 street)
A3: 1:1 (23/23) | B3: 1 | D3: 2.76 | F3: 145/80-10 | G3: 145 | H3: 0.8 | I3: 10 | K3: 1st | L3: 3.2 | M3: 2.98 | N3: 3 | O3: 3.65
A4: 1:1 (24/24) | B4: 1 | D4: 2.95 | F4: 165/70-10 | G4: 165 | H4: 0.7 | I4: 10 | K4: 2nd | L4: 1.916 | M4: 1.75 | N4: 1.74 | O4: 1.97
A5: 1:1.043 (23/24) | B5: 1.043 | D5: 3.1 | F5: 175/50-10 | G5: 175 | H5: 0.5 | I5: 10 | K5: 3rd | L5: 1.357 | M5: 1.26 | N5: 1.27 | O5: 1.37
A6: 1:0.958 (24/23) | B6: 0.958 | D6: 3.44 | F6: 165/60-12 | G6: 165 | H6: 0.6 | I6: 12 | K6: 4th | L6: 1 | M6: 1 | N6: 1 | O6: 1
D7: 3.47 | F7: 175/50-13 | G7: 175 | H7: 0.5 | I7: 13 | K7: 5th | O7: 0.82
D8: 3.55
D9: 3.75
D10: 3.88
D11: 4.066
D12: 4.2
D13: 4.5
